{
	"class_name" : "PinholeCameraParameters",
	"extrinsic" : 
	[
		1.0,
		-0.0,
		-0.0,
		0.0,
		0.0,
		-1.0,
		-0.0,
		0.0,
		0.0,
		-0.0,
		-1.0,
		0.0,
		-34.024426229244511,
		89.793875519537096,
		3097.0185982146504,
		1.0
	],
	"intrinsic" : 
	{
		"height" : 900,
		"intrinsic_matrix" : 
		[
			779.4228634059948,
			0.0,
			0.0,
			0.0,
			779.4228634059948,
			0.0,
			799.5,
			449.5,
			1.0
		],
		"width" : 1600
	},
	"version_major" : 1,
	"version_minor" : 0
}